sequence,base_temp_c,formamide_percent
AGGAA,32,15.0
GCTGA,32,30.0
CAGGA,32,40.0
CGGGA,32,35.0
CGGGC,37,60.0
GATGG,32,35.0
GCAGG,32,40.0
GCCAG,37,60.0
GGCAG,32,20.0
GGCGG,37,60.0
GGGAA,32,15.0
GGGCT,37,40.0
GGTGG,32,50.0
GTGGC,32,45.0
TGGCA,32,20.0
TGGCG,32,37.5
TGGTG,32,45.0
GCGGG,37,60.0
TTGGC,32,40.0
GGCTG,37,50.0
GCTGG,37,60.0
CTCGG,39,32.3
CGCCT,39,50.0
TCGGA,39,35.0
GCAGC,39,35.0
CCGCA,39,40.0
CAGCG,39,35.0
ACGCT,32,10.0
GACGC,32,20.0
CGCTT,32,5.0
TGACG,32,15.0
GATGA,32,40.0
ACCAA,32,50.0
GAAGC,32,25.0
AAGCT,32,25.0
CATAG,32,40.0
ATGAC,32,40.0
GTATC,32,25.0
AGATG,32,40.0
TCATC,32,40.0
TATTC,32,35.0
AAAGA,32,40.0
